step,loss,lr
1,3.874327,3E-05
2,3.844301,6E-05
3,3.809724,9E-05
4,3.755737,0.00012
5,3.716201,0.00015
6,3.633644,0.00018
7,3.593007,0.00021
8,3.612977,0.00024
9,3.528381,0.00027
10,3.501111,0.0003
11,3.503643,0.00033
12,3.466348,0.00036
13,3.354172,0.00039
14,3.307118,0.00042
15,3.337272,0.00045
16,3.286577,0.00048
17,3.187048,0.00051
18,3.245444,0.00054
19,3.143237,0.00057
20,3.208166,0.0006
21,3.111830,0.00063
22,3.145648,0.00066
23,3.141906,0.00069
24,2.981157,0.00072
25,2.972180,0.00075
26,2.921673,0.00078
27,2.858665,0.00081
28,2.791248,0.00084
29,2.856770,0.00087
30,2.839496,0.0009
31,2.711365,0.00093
32,2.555711,0.00096
33,2.571984,0.00099
34,2.669555,0.00102
35,2.606120,0.00105
36,2.507658,0.00108
37,2.561053,0.00111
38,2.436462,0.00114
39,2.496927,0.00117
40,2.422244,0.0012
41,2.463205,0.00123
42,2.396980,0.00126
43,2.409824,0.00129
44,2.296618,0.00132
45,2.451806,0.00135
46,2.328886,0.00138
47,2.336126,0.00141
48,2.219218,0.00144
49,2.498461,0.00147
50,2.348285,0.0015
51,2.237008,0.00153
52,2.248353,0.00156
53,2.051764,0.00159
54,2.323917,0.00162
55,2.209857,0.00165
56,2.187420,0.00168
57,2.153235,0.00171
58,2.044566,0.00174
59,2.027348,0.00177
60,2.282201,0.0018
61,2.108807,0.00183
62,2.095287,0.00186
63,2.378097,0.00189
64,1.974082,0.00192
65,2.176266,0.00195
66,1.883444,0.00198
67,2.148831,0.00201
68,2.050204,0.00204
69,2.241859,0.00207
70,2.153470,0.0021
71,2.137518,0.00213
72,1.958534,0.00216
73,2.056624,0.00219
74,2.042024,0.00222
75,1.936068,0.00225
76,1.868901,0.00228
77,2.189879,0.00231
78,1.968928,0.00234
79,1.954584,0.00237
80,1.918610,0.0024
81,2.174821,0.00243
82,2.182416,0.00246
83,2.320797,0.00249
84,2.076580,0.00252
85,2.044540,0.00255
86,1.896586,0.00258
87,1.758656,0.00261
88,1.842138,0.00264
89,1.879540,0.00267
90,1.862416,0.0027
91,1.929780,0.00273
92,2.146171,0.00276
93,2.116536,0.00279
94,2.342032,0.00282
95,2.078869,0.00285
96,2.122559,0.00288
97,1.699751,0.00291
98,2.046225,0.00294
99,1.764176,0.00297
100,1.863076,0.003
101,1.804720,0.003
102,1.891723,0.00299999
103,1.526343,0.00299997
104,1.993975,0.00299995
105,1.881553,0.00299992
106,1.964164,0.00299988
107,1.794840,0.00299983
108,1.897984,0.00299978
109,1.616813,0.00299972
110,1.940539,0.00299966
111,1.812790,0.00299959
112,2.111327,0.00299951
113,2.057225,0.00299943
114,1.870321,0.00299933
115,2.062108,0.00299924
116,1.690291,0.00299913
117,1.724178,0.00299902
118,1.793357,0.0029989
119,1.767316,0.00299877
120,1.769027,0.00299864
121,1.557523,0.0029985
122,1.720300,0.00299836
123,1.910763,0.0029982
124,1.907161,0.00299804
125,1.620964,0.00299788
126,2.081049,0.0029977
127,1.992608,0.00299752
128,1.653053,0.00299734
129,1.777747,0.00299714
130,1.415709,0.00299694
131,2.198918,0.00299673
132,1.598003,0.00299652
133,1.395227,0.0029963
134,1.488744,0.00299607
135,1.521094,0.00299584
136,1.754899,0.0029956
137,1.726643,0.00299535
138,1.272225,0.00299509
139,1.810591,0.00299483
140,1.677702,0.00299457
141,1.703354,0.00299429
142,1.639301,0.00299401
143,1.221621,0.00299372
144,1.792568,0.00299342
145,1.686080,0.00299312
146,1.563884,0.00299281
147,1.696086,0.0029925
148,2.012822,0.00299218
149,1.569542,0.00299185
150,1.398255,0.00299151
151,1.370127,0.00299117
152,1.557242,0.00299082
153,1.340702,0.00299046
154,1.540524,0.0029901
155,1.400079,0.00298973
156,1.667071,0.00298935
157,1.930020,0.00298897
158,1.885495,0.00298858
159,1.463974,0.00298819
160,1.340641,0.00298778
161,1.540371,0.00298737
162,1.301400,0.00298696
163,1.143450,0.00298653
164,1.336751,0.0029861
165,1.642000,0.00298566
166,1.635127,0.00298522
167,1.440105,0.00298477
168,1.525454,0.00298431
169,1.795043,0.00298385
170,1.296041,0.00298338
171,1.354815,0.0029829
172,1.269435,0.00298242
173,1.539865,0.00298193
174,1.295329,0.00298143
175,1.443888,0.00298093
176,1.656663,0.00298042
177,1.426175,0.0029799
178,1.638939,0.00297937
179,1.824259,0.00297884
180,1.130409,0.0029783
181,1.544869,0.00297776
182,1.831768,0.00297721
183,1.531373,0.00297665
184,1.494850,0.00297609
185,1.515972,0.00297552
186,1.221532,0.00297494
187,1.490008,0.00297435
188,1.411503,0.00297376
189,1.432616,0.00297317
190,1.314186,0.00297256
191,1.416534,0.00297195
192,1.411286,0.00297133
193,1.638484,0.00297071
194,1.351477,0.00297008
195,1.251379,0.00296944
196,1.407871,0.0029688
197,1.363910,0.00296815
198,1.290059,0.00296749
199,1.236846,0.00296682
200,1.457309,0.00296615
201,1.401114,0.00296548
202,1.481003,0.00296479
203,1.430387,0.0029641
204,1.738866,0.0029634
205,1.251114,0.0029627
206,1.292295,0.00296199
207,1.209379,0.00296127
208,1.559758,0.00296055
209,1.395055,0.00295982
210,1.453782,0.00295908
211,1.530682,0.00295834
212,1.192236,0.00295759
213,1.142893,0.00295683
214,0.914006,0.00295607
215,1.298230,0.0029553
216,1.607156,0.00295452
217,1.731106,0.00295374
218,1.629016,0.00295295
219,1.353426,0.00295215
220,0.951662,0.00295135
221,1.498613,0.00295054
222,1.060612,0.00294972
223,1.440135,0.0029489
224,0.927334,0.00294807
225,1.330977,0.00294724
226,1.026026,0.0029464
227,1.549613,0.00294555
228,1.450306,0.00294469
229,1.227602,0.00294383
230,1.335667,0.00294296
231,1.027456,0.00294209
232,0.862136,0.00294121
233,1.413093,0.00294032
234,1.133701,0.00293943
235,1.082714,0.00293853
236,0.879698,0.00293762
237,1.551708,0.00293671
238,1.118869,0.00293579
239,1.932348,0.00293486
240,1.496840,0.00293393
241,1.282218,0.00293299
242,1.498788,0.00293204
243,1.167249,0.00293109
244,0.948912,0.00293013
245,1.655725,0.00292916
246,1.386781,0.00292819
247,1.549607,0.00292722
248,1.553191,0.00292623
249,1.239005,0.00292524
250,1.108945,0.00292424
251,1.078417,0.00292324
252,1.506417,0.00292223
253,1.256681,0.00292121
254,1.002199,0.00292019
255,1.365353,0.00291916
256,1.244454,0.00291812
257,1.155126,0.00291708
258,1.475227,0.00291603
259,1.273114,0.00291498
260,1.596567,0.00291392
261,1.476245,0.00291285
262,0.898193,0.00291178
263,1.616959,0.0029107
264,1.336878,0.00290961
265,1.116339,0.00290852
266,1.119002,0.00290742
267,1.088768,0.00290631
268,1.266275,0.0029052
269,1.185895,0.00290408
270,1.052352,0.00290296
271,1.083454,0.00290182
272,1.156070,0.00290069
273,1.499489,0.00289954
274,0.980077,0.00289839
275,1.291427,0.00289724
276,1.398871,0.00289607
277,1.180944,0.00289491
278,1.337732,0.00289373
279,1.197493,0.00289255
280,1.264113,0.00289136
281,1.319904,0.00289017
282,1.309257,0.00288897
283,1.299330,0.00288776
284,1.018390,0.00288655
285,1.128859,0.00288533
286,1.073593,0.00288411
287,1.283424,0.00288288
288,1.230595,0.00288164
289,1.169068,0.00288039
290,1.302107,0.00287914
291,1.088874,0.00287789
292,1.221781,0.00287663
293,0.843984,0.00287536
294,0.999625,0.00287408
295,1.221099,0.0028728
296,0.927492,0.00287152
297,1.388478,0.00287022
298,1.404796,0.00286892
299,0.848001,0.00286762
300,1.233241,0.00286631
301,1.073310,0.00286499
302,1.052979,0.00286367
303,1.565275,0.00286234
304,1.177339,0.002861
305,1.284414,0.00285966
306,1.131031,0.00285831
307,1.726504,0.00285696
308,1.379039,0.0028556
309,0.879874,0.00285423
310,1.477450,0.00285286
311,1.216701,0.00285148
312,1.286642,0.0028501
313,1.384113,0.00284871
314,1.388376,0.00284731
315,1.631171,0.00284591
316,1.222758,0.0028445
317,1.289379,0.00284308
318,1.412707,0.00284166
319,1.285314,0.00284024
320,1.315076,0.0028388
321,1.417929,0.00283737
322,1.624795,0.00283592
323,1.191421,0.00283447
324,1.183343,0.00283301
325,1.515607,0.00283155
326,1.198925,0.00283008
327,1.551090,0.00282861
328,1.173763,0.00282713
329,0.936071,0.00282564
330,1.293753,0.00282415
331,1.633709,0.00282265
332,1.314270,0.00282115
333,1.168753,0.00281964
334,0.970063,0.00281812
335,1.276753,0.0028166
336,1.027420,0.00281507
337,1.103436,0.00281354
338,1.529572,0.002812
339,1.070492,0.00281046
340,1.350506,0.00280891
341,1.309891,0.00280735
342,1.336036,0.00280579
343,1.179003,0.00280422
344,0.969213,0.00280264
345,1.232417,0.00280106
346,1.530561,0.00279948
347,1.481156,0.00279789
348,1.163114,0.00279629
349,1.320806,0.00279469
350,0.850660,0.00279308
351,0.943446,0.00279146
352,1.464291,0.00278984
353,1.271092,0.00278822
354,0.853838,0.00278658
355,1.093160,0.00278495
356,1.086665,0.0027833
357,0.841291,0.00278165
358,1.150925,0.00278
359,0.860878,0.00277834
360,0.931454,0.00277667
361,0.779674,0.002775
362,0.993402,0.00277332
363,1.090751,0.00277164
364,1.243416,0.00276995
365,0.967642,0.00276826
366,1.397231,0.00276656
367,1.129848,0.00276485
368,1.170272,0.00276314
369,0.848455,0.00276143
370,1.046771,0.0027597
371,0.960943,0.00275797
372,1.101455,0.00275624
373,1.140880,0.0027545
374,1.560980,0.00275276
375,1.084560,0.00275101
376,1.252279,0.00274925
377,1.432033,0.00274749
378,1.217705,0.00274572
379,0.947038,0.00274395
380,0.974541,0.00274217
381,1.432470,0.00274039
382,1.182481,0.0027386
383,1.194704,0.00273681
384,0.779741,0.00273501
385,1.047041,0.0027332
386,1.663464,0.00273139
387,0.976027,0.00272957
388,0.763055,0.00272775
389,1.296344,0.00272593
390,1.406927,0.00272409
391,1.028533,0.00272226
392,1.243110,0.00272041
393,1.029247,0.00271856
394,0.810694,0.00271671
395,1.159755,0.00271485
396,1.143654,0.00271299
397,0.917689,0.00271111
398,1.021422,0.00270924
399,1.072198,0.00270736
400,1.089060,0.00270547
401,1.043999,0.00270358
402,1.355662,0.00270168
403,1.005491,0.00269978
404,1.459923,0.00269787
405,1.312638,0.00269596
406,0.756250,0.00269404
407,1.011206,0.00269212
408,0.948428,0.00269019
409,0.742089,0.00268826
410,1.149471,0.00268632
411,1.089937,0.00268438
412,1.311833,0.00268243
413,0.966216,0.00268047
414,1.060500,0.00267851
415,1.334110,0.00267655
416,0.941800,0.00267458
417,0.920084,0.0026726
418,0.865941,0.00267062
419,0.907155,0.00266864
420,1.501143,0.00266665
421,1.285869,0.00266465
422,1.309610,0.00266265
423,1.229659,0.00266064
424,1.404773,0.00265863
425,0.979560,0.00265662
426,1.059273,0.0026546
427,1.114437,0.00265257
428,1.001710,0.00265054
429,0.921664,0.0026485
430,1.353965,0.00264646
431,1.324122,0.00264441
432,0.855431,0.00264236
433,1.380375,0.00264031
434,0.874927,0.00263825
435,0.830592,0.00263618
436,1.523879,0.00263411
437,0.827792,0.00263203
438,0.965060,0.00262995
439,1.390444,0.00262786
440,1.033190,0.00262577
441,0.934796,0.00262368
442,1.029918,0.00262158
443,0.918510,0.00261947
444,1.549896,0.00261736
445,1.183194,0.00261524
446,0.881736,0.00261312
447,1.210205,0.002611
448,0.854021,0.00260887
449,1.401634,0.00260673
450,1.008952,0.00260459
451,0.901870,0.00260245
452,1.159132,0.0026003
453,1.235711,0.00259815
454,0.717409,0.00259599
455,1.374073,0.00259382
456,1.106175,0.00259166
457,1.185535,0.00258948
458,1.108101,0.0025873
459,1.214223,0.00258512
460,0.718501,0.00258293
461,1.585727,0.00258074
462,0.853255,0.00257855
463,0.918326,0.00257634
464,1.169891,0.00257414
465,0.991327,0.00257193
466,1.004046,0.00256971
467,1.078641,0.00256749
468,1.138342,0.00256527
469,1.028132,0.00256304
470,0.799102,0.00256081
471,0.965170,0.00255857
472,0.780449,0.00255632
473,1.415408,0.00255408
474,1.121258,0.00255182
475,0.877772,0.00254957
476,1.097201,0.00254731
477,0.975698,0.00254504
478,0.816785,0.00254277
479,1.329578,0.0025405
480,1.061167,0.00253822
481,1.109800,0.00253593
482,0.905621,0.00253365
483,0.945943,0.00253135
484,1.037645,0.00252906
485,0.986084,0.00252675
486,1.349796,0.00252445
487,0.921318,0.00252214
488,0.796805,0.00251982
489,1.185229,0.00251751
490,1.163049,0.00251518
491,1.330078,0.00251285
492,0.884651,0.00251052
493,0.653223,0.00250819
494,0.785766,0.00250585
495,0.898727,0.0025035
496,1.300943,0.00250115
497,0.888129,0.0024988
498,0.931756,0.00249644
499,1.098240,0.00249408
500,0.867246,0.00249171
501,0.960264,0.00248934
502,1.127284,0.00248697
503,0.806169,0.00248459
504,1.418999,0.0024822
505,1.183648,0.00247982
506,0.870955,0.00247742
507,0.960719,0.00247503
508,1.069466,0.00247263
509,0.757743,0.00247022
510,1.005842,0.00246782
511,1.281257,0.0024654
512,1.397011,0.00246299
513,0.826121,0.00246057
514,0.887417,0.00245814
515,0.929628,0.00245571
516,0.805852,0.00245328
517,0.760281,0.00245084
518,0.895957,0.0024484
519,0.909589,0.00244596
520,0.773068,0.00244351
521,0.902392,0.00244106
522,1.036182,0.0024386
523,0.743540,0.00243614
524,0.861659,0.00243367
525,0.921426,0.00243121
526,0.924060,0.00242873
527,0.753618,0.00242626
528,0.964724,0.00242378
529,1.400019,0.00242129
530,0.941748,0.0024188
531,1.148863,0.00241631
532,1.089611,0.00241382
533,1.108116,0.00241132
534,0.901290,0.00240881
535,0.865493,0.00240631
536,0.763597,0.00240379
537,1.207838,0.00240128
538,1.010924,0.00239876
539,1.147476,0.00239624
540,0.821170,0.00239371
541,0.624252,0.00239118
542,0.821959,0.00238865
543,1.153522,0.00238611
544,0.899140,0.00238357
545,1.090540,0.00238102
546,1.035825,0.00237847
547,0.797973,0.00237592
548,0.973687,0.00237337
549,1.347936,0.00237081
550,1.185632,0.00236824
551,0.808272,0.00236568
552,0.828022,0.00236311
553,1.245988,0.00236053
554,0.927591,0.00235795
555,1.373279,0.00235537
556,0.706439,0.00235279
557,1.034704,0.0023502
558,1.179839,0.00234761
559,0.849845,0.00234501
560,0.822919,0.00234241
561,1.013798,0.00233981
562,1.017598,0.00233721
563,1.205436,0.0023346
564,0.765079,0.00233198
565,0.636499,0.00232937
566,0.811509,0.00232675
567,1.193260,0.00232413
568,0.823276,0.0023215
569,0.718185,0.00231887
570,0.863910,0.00231624
571,0.775725,0.0023136
572,0.525287,0.00231096
573,0.976942,0.00230832
574,0.689725,0.00230567
575,1.135141,0.00230302
576,0.817919,0.00230037
577,0.901127,0.00229771
578,0.814085,0.00229505
579,0.638025,0.00229239
580,0.744777,0.00228972
581,0.978118,0.00228705
582,0.741956,0.00228438
583,0.788321,0.00228171
584,1.031873,0.00227903
585,1.109090,0.00227634
586,1.297654,0.00227366
587,1.042606,0.00227097
588,0.789326,0.00226828
589,0.596423,0.00226558
590,1.055032,0.00226289
591,1.085249,0.00226019
592,0.870770,0.00225748
593,0.632461,0.00225478
594,0.839629,0.00225207
595,1.056055,0.00224935
596,0.954218,0.00224664
597,0.693840,0.00224392
598,0.790514,0.0022412
599,0.887390,0.00223847
600,0.821472,0.00223574
601,0.629841,0.00223301
602,1.197571,0.00223028
603,0.786146,0.00222754
604,0.836161,0.0022248
605,0.780320,0.00222206
606,0.945963,0.00221931
607,0.965942,0.00221657
608,0.873606,0.00221381
609,1.188192,0.00221106
610,0.795302,0.0022083
611,0.885837,0.00220554
612,0.889077,0.00220278
613,0.818104,0.00220002
614,0.970019,0.00219725
615,0.689709,0.00219448
616,0.798302,0.0021917
617,1.202328,0.00218893
618,0.784148,0.00218615
619,1.046976,0.00218337
620,0.762046,0.00218058
621,0.525533,0.0021778
622,0.804980,0.00217501
623,0.612152,0.00217222
624,0.979839,0.00216942
625,0.852579,0.00216662
626,0.838611,0.00216382
627,0.739966,0.00216102
628,0.567880,0.00215821
629,0.705198,0.00215541
630,0.864929,0.0021526
631,0.702064,0.00214978
632,0.871953,0.00214697
633,0.903726,0.00214415
634,0.577312,0.00214133
635,0.802634,0.00213851
636,0.966096,0.00213568
637,0.682825,0.00213285
638,1.090207,0.00213002
639,0.921037,0.00212719
640,0.717798,0.00212436
641,0.821586,0.00212152
642,0.535772,0.00211868
643,0.712777,0.00211584
644,0.738126,0.00211299
645,0.953310,0.00211015
646,0.797872,0.0021073
647,0.822294,0.00210444
648,0.840266,0.00210159
649,0.853885,0.00209874
650,0.721557,0.00209588
651,0.547200,0.00209302
652,0.847368,0.00209015
653,0.781805,0.00208729
654,0.679279,0.00208442
655,0.821373,0.00208155
656,0.523121,0.00207868
657,1.013549,0.00207581
658,0.870261,0.00207293
659,0.685260,0.00207005
660,1.103516,0.00206717
661,0.729294,0.00206429
662,0.847787,0.00206141
663,0.608566,0.00205852
664,0.792523,0.00205563
665,0.788745,0.00205274
666,1.167734,0.00204985
667,0.867690,0.00204695
668,0.978399,0.00204406
669,0.505235,0.00204116
670,0.899422,0.00203826
671,0.789298,0.00203536
672,0.736916,0.00203245
673,0.761891,0.00202955
674,0.688129,0.00202664
675,0.869345,0.00202373
676,0.785192,0.00202082
677,0.590255,0.0020179
678,0.634785,0.00201499
679,0.925403,0.00201207
680,0.648617,0.00200915
681,0.913383,0.00200623
682,0.641029,0.00200331
683,0.998319,0.00200038
684,0.664735,0.00199745
685,0.761497,0.00199453
686,1.170753,0.0019916
687,1.086837,0.00198866
688,0.702041,0.00198573
689,1.028786,0.0019828
690,0.639622,0.00197986
691,0.810313,0.00197692
692,0.660056,0.00197398
693,0.679341,0.00197104
694,0.810905,0.0019681
695,0.716926,0.00196515
696,0.711875,0.0019622
697,0.445645,0.00195926
698,0.865142,0.00195631
699,0.707301,0.00195336
700,0.651364,0.0019504
701,0.815442,0.00194745
702,0.740039,0.00194449
703,0.710195,0.00194154
704,0.808569,0.00193858
705,0.615630,0.00193562
706,0.766307,0.00193266
707,0.676835,0.00192969
708,0.799170,0.00192673
709,0.656287,0.00192376
710,0.640033,0.0019208
711,0.457292,0.00191783
712,0.765780,0.00191486
713,0.737337,0.00191189
714,0.984675,0.00190891
715,0.609301,0.00190594
716,0.586234,0.00190296
717,0.864964,0.00189999
718,0.560815,0.00189701
719,0.716982,0.00189403
720,0.663648,0.00189105
721,0.575722,0.00188807
722,0.855094,0.00188509
723,0.670718,0.0018821
724,0.688597,0.00187912
725,0.957073,0.00187613
726,0.618820,0.00187315
727,0.680480,0.00187016
728,0.827093,0.00186717
729,0.796350,0.00186418
730,1.016714,0.00186119
731,0.697218,0.00185819
732,1.055512,0.0018552
733,0.712658,0.00185221
734,0.775309,0.00184921
735,0.552924,0.00184621
736,0.937703,0.00184322
737,0.631534,0.00184022
738,0.856875,0.00183722
739,0.675125,0.00183422
740,0.687241,0.00183121
741,0.751953,0.00182821
742,0.817999,0.00182521
743,0.647281,0.0018222
744,0.652856,0.0018192
745,0.617802,0.00181619
746,0.798333,0.00181319
747,0.722897,0.00181018
748,0.861878,0.00180717
749,0.750943,0.00180416
750,0.580080,0.00180115
751,0.583224,0.00179814
752,0.819953,0.00179513
753,0.715140,0.00179212
754,0.528879,0.0017891
755,0.830350,0.00178609
756,0.659733,0.00178308
757,0.947875,0.00178006
758,0.761927,0.00177705
759,0.554560,0.00177403
760,0.633428,0.00177101
761,0.676599,0.001768
762,0.738975,0.00176498
763,0.726911,0.00176196
764,0.623347,0.00175894
765,0.703388,0.00175592
766,0.995673,0.0017529
767,0.583154,0.00174988
768,0.552623,0.00174686
769,0.687558,0.00174384
770,0.718455,0.00174081
771,0.704208,0.00173779
772,0.702072,0.00173477
773,0.575912,0.00173174
774,0.645055,0.00172872
775,0.726335,0.0017257
776,0.583034,0.00172267
777,0.580669,0.00171965
778,0.481287,0.00171662
779,1.162024,0.00171359
780,0.671350,0.00171057
781,0.983827,0.00170754
782,0.572759,0.00170451
783,0.701177,0.00170149
784,0.463695,0.00169846
785,0.497032,0.00169543
786,0.568508,0.0016924
787,0.470305,0.00168938
788,0.524636,0.00168635
789,0.541467,0.00168332
790,0.529452,0.00168029
791,0.671389,0.00167726
792,0.607735,0.00167423
793,0.704039,0.0016712
794,0.606889,0.00166818
795,0.635905,0.00166515
796,0.604197,0.00166212
797,0.803817,0.00165909
798,0.562297,0.00165606
799,0.780606,0.00165303
800,0.523854,0.00165
801,0.576480,0.00164697
802,0.576726,0.00164394
803,0.627340,0.00164091
804,0.452136,0.00163788
805,0.641073,0.00163485
806,0.770189,0.00163182
807,1.043971,0.0016288
808,0.612117,0.00162577
809,0.516649,0.00162274
810,0.499551,0.00161971
811,0.569300,0.00161668
812,0.541695,0.00161365
813,0.720198,0.00161062
814,0.665725,0.0016076
815,0.489286,0.00160457
816,0.537400,0.00160154
817,0.602471,0.00159851
818,0.713841,0.00159549
819,0.538707,0.00159246
820,0.650905,0.00158943
821,0.697852,0.00158641
822,0.538075,0.00158338
823,0.791127,0.00158035
824,0.652316,0.00157733
825,0.540394,0.0015743
826,0.756062,0.00157128
827,0.607755,0.00156826
828,0.455772,0.00156523
829,0.563827,0.00156221
830,1.056185,0.00155919
831,0.543793,0.00155616
832,0.556302,0.00155314
833,0.573882,0.00155012
834,0.511921,0.0015471
835,0.608477,0.00154408
836,0.792352,0.00154106
837,0.679551,0.00153804
838,0.521246,0.00153502
839,0.601349,0.001532
840,0.576951,0.00152899
841,0.548526,0.00152597
842,0.467754,0.00152295
843,0.462511,0.00151994
844,0.693430,0.00151692
845,0.648601,0.00151391
846,0.576144,0.0015109
847,0.512954,0.00150788
848,0.696965,0.00150487
849,0.620297,0.00150186
850,0.537942,0.00149885
851,0.683454,0.00149584
852,0.654649,0.00149283
853,0.505274,0.00148982
854,0.751459,0.00148681
855,0.572282,0.00148381
856,0.661464,0.0014808
857,0.507144,0.0014778
858,0.480262,0.00147479
859,0.554863,0.00147179
860,0.685531,0.00146879
861,0.524718,0.00146578
862,0.615387,0.00146278
863,0.507330,0.00145978
864,0.764865,0.00145678
865,0.571444,0.00145379
866,0.646978,0.00145079
867,0.675423,0.00144779
868,0.646192,0.0014448
869,0.691727,0.00144181
870,0.378264,0.00143881
871,0.647655,0.00143582
872,0.542450,0.00143283
873,0.665322,0.00142984
874,0.607957,0.00142685
875,0.753660,0.00142387
876,0.609211,0.00142088
877,0.482704,0.0014179
878,0.473860,0.00141491
879,0.517396,0.00141193
880,0.552852,0.00140895
881,0.582003,0.00140597
882,0.712732,0.00140299
883,0.641075,0.00140001
884,0.415942,0.00139704
885,0.541652,0.00139406
886,0.561533,0.00139109
887,0.381246,0.00138811
888,0.486132,0.00138514
889,0.482235,0.00138217
890,0.591422,0.0013792
891,0.440655,0.00137624
892,0.567613,0.00137327
893,0.398907,0.00137031
894,0.602077,0.00136734
895,0.762239,0.00136438
896,0.630206,0.00136142
897,0.532814,0.00135846
898,0.572168,0.00135551
899,0.699585,0.00135255
900,0.664191,0.0013496
901,0.449872,0.00134664
902,0.557095,0.00134369
903,0.591676,0.00134074
904,0.495806,0.0013378
905,0.539689,0.00133485
906,0.508706,0.0013319
907,0.760121,0.00132896
908,0.480024,0.00132602
909,0.625924,0.00132308
910,0.471150,0.00132014
911,0.468508,0.0013172
912,0.549439,0.00131427
913,0.516765,0.00131134
914,0.426270,0.0013084
915,0.548277,0.00130547
916,0.355184,0.00130255
917,0.555331,0.00129962
918,0.638659,0.00129669
919,0.515363,0.00129377
920,0.536613,0.00129085
921,0.724376,0.00128793
922,0.510882,0.00128501
923,0.418862,0.0012821
924,0.597880,0.00127918
925,0.497769,0.00127627
926,0.480120,0.00127336
927,0.465641,0.00127045
928,0.495127,0.00126755
929,0.716650,0.00126464
930,0.537109,0.00126174
931,0.522550,0.00125884
932,0.498487,0.00125594
933,0.433281,0.00125305
934,0.422965,0.00125015
935,0.396797,0.00124726
936,0.405823,0.00124437
937,0.534185,0.00124148
938,0.638443,0.00123859
939,0.521794,0.00123571
940,0.434712,0.00123283
941,0.543874,0.00122995
942,0.489937,0.00122707
943,0.461815,0.00122419
944,0.475230,0.00122132
945,0.458784,0.00121845
946,0.402232,0.00121558
947,0.454559,0.00121271
948,0.418262,0.00120985
949,0.731665,0.00120698
950,0.651537,0.00120412
951,0.527794,0.00120126
952,0.369710,0.00119841
953,0.376554,0.00119556
954,0.542419,0.0011927
955,0.432225,0.00118985
956,0.546490,0.00118701
957,0.485871,0.00118416
958,0.411643,0.00118132
959,0.483238,0.00117848
960,0.511988,0.00117564
961,0.495700,0.00117281
962,0.336330,0.00116998
963,0.428300,0.00116715
964,0.495748,0.00116432
965,0.491732,0.00116149
966,0.356615,0.00115867
967,0.476981,0.00115585
968,0.413632,0.00115303
969,0.591204,0.00115022
970,0.578735,0.0011474
971,0.362326,0.00114459
972,0.413434,0.00114179
973,0.327051,0.00113898
974,0.574021,0.00113618
975,0.434819,0.00113338
976,0.573700,0.00113058
977,0.530116,0.00112778
978,0.504462,0.00112499
979,0.443940,0.0011222
980,0.444461,0.00111942
981,0.616629,0.00111663
982,0.491311,0.00111385
983,0.463182,0.00111107
984,0.414505,0.0011083
985,0.592677,0.00110552
986,0.537448,0.00110275
987,0.390399,0.00109998
988,0.584055,0.00109722
989,0.413747,0.00109446
990,0.456576,0.0010917
991,0.420162,0.00108894
992,0.431293,0.00108619
993,0.491649,0.00108343
994,0.402472,0.00108069
995,0.371638,0.00107794
996,0.360716,0.0010752
997,0.368193,0.00107246
998,0.376768,0.00106972
999,0.441475,0.00106699
1000,0.399708,0.00106426
1001,0.508234,0.00106153
1002,0.550476,0.0010588
1003,0.425549,0.00105608
1004,0.395310,0.00105336
1005,0.400936,0.00105065
1006,0.459567,0.00104793
1007,0.599703,0.00104522
1008,0.569080,0.00104252
1009,0.417131,0.00103981
1010,0.420326,0.00103711
1011,0.309065,0.00103442
1012,0.550042,0.00103172
1013,0.429617,0.00102903
1014,0.486488,0.00102634
1015,0.545767,0.00102366
1016,0.453959,0.00102097
1017,0.425471,0.00101829
1018,0.370367,0.00101562
1019,0.398282,0.00101295
1020,0.349056,0.00101028
1021,0.488521,0.00100761
1022,0.408962,0.00100495
1023,0.390607,0.00100229
1024,0.463191,0.000999633
1025,0.415453,0.00099698
1026,0.479240,0.00099433
1027,0.547599,0.000991683
1028,0.507369,0.00098904
1029,0.348526,0.0009864
1030,0.376756,0.000983764
1031,0.512436,0.000981131
1032,0.464371,0.000978501
1033,0.716544,0.000975875
1034,0.448429,0.000973252
1035,0.400809,0.000970632
1036,0.370040,0.000968016
1037,0.421694,0.000965403
1038,0.397576,0.000962794
1039,0.386731,0.000960188
1040,0.482657,0.000957586
1041,0.391322,0.000954987
1042,0.523389,0.000952392
1043,0.402263,0.0009498
1044,0.448247,0.000947212
1045,0.626516,0.000944627
1046,0.514129,0.000942046
1047,0.509032,0.000939468
1048,0.387309,0.000936894
1049,0.441329,0.000934324
1050,0.500427,0.000931757
1051,0.407852,0.000929193
1052,0.377894,0.000926634
1053,0.501694,0.000924078
1054,0.371219,0.000921526
1055,0.338517,0.000918977
1056,0.466338,0.000916432
1057,0.421539,0.000913891
1058,0.338430,0.000911353
1059,0.367851,0.000908819
1060,0.463450,0.000906289
1061,0.324420,0.000903763
1062,0.331405,0.00090124
1063,0.336403,0.000898721
1064,0.538085,0.000896206
1065,0.410057,0.000893695
1066,0.330231,0.000891187
1067,0.433580,0.000888684
1068,0.475861,0.000886184
1069,0.447917,0.000883688
1070,0.404419,0.000881196
1071,0.511947,0.000878708
1072,0.476571,0.000876223
1073,0.424284,0.000873743
1074,0.321069,0.000871266
1075,0.429515,0.000868794
1076,0.421353,0.000866325
1077,0.472186,0.00086386
1078,0.476169,0.0008614
1079,0.416510,0.000858943
1080,0.461344,0.00085649
1081,0.419853,0.000854041
1082,0.306009,0.000851596
1083,0.527931,0.000849155
1084,0.356878,0.000846719
1085,0.352755,0.000844286
1086,0.450954,0.000841857
1087,0.445214,0.000839433
1088,0.383047,0.000837012
1089,0.329776,0.000834596
1090,0.386725,0.000832183
1091,0.370510,0.000829775
1092,0.350692,0.000827371
1093,0.473250,0.000824971
1094,0.391972,0.000822575
1095,0.405763,0.000820184
1096,0.339503,0.000817796
1097,0.354189,0.000815413
1098,0.464269,0.000813034
1099,0.369142,0.000810659
1100,0.245174,0.000808289
1101,0.439254,0.000805922
1102,0.403269,0.00080356
1103,0.530963,0.000801202
1104,0.394297,0.000798849
1105,0.333815,0.0007965
1106,0.322042,0.000794155
1107,0.314147,0.000791814
1108,0.399816,0.000789478
1109,0.416811,0.000787146
1110,0.328071,0.000784818
1111,0.309667,0.000782495
1112,0.378680,0.000780176
1113,0.370422,0.000777861
1114,0.456368,0.000775551
1115,0.334756,0.000773245
1116,0.394017,0.000770944
1117,0.463791,0.000768647
1118,0.410027,0.000766354
1119,0.421173,0.000764066
1120,0.321032,0.000761783
1121,0.468451,0.000759504
1122,0.327567,0.000757229
1123,0.332898,0.000754959
1124,0.357321,0.000752693
1125,0.343966,0.000750432
1126,0.290719,0.000748176
1127,0.329094,0.000745924
1128,0.327004,0.000743676
1129,0.404560,0.000741433
1130,0.377868,0.000739195
1131,0.412933,0.000736961
1132,0.335389,0.000734732
1133,0.354100,0.000732507
1134,0.461524,0.000730287
1135,0.348907,0.000728072
1136,0.342992,0.000725861
1137,0.349039,0.000723655
1138,0.355133,0.000721454
1139,0.445354,0.000719257
1140,0.526169,0.000717065
1141,0.336944,0.000714878
1142,0.319069,0.000712696
1143,0.390072,0.000710518
1144,0.344607,0.000708345
1145,0.329732,0.000706176
1146,0.359787,0.000704013
1147,0.326430,0.000701854
1148,0.411817,0.0006997
1149,0.370609,0.00069755
1150,0.310147,0.000695406
1151,0.346798,0.000693266
1152,0.330213,0.000691131
1153,0.383873,0.000689001
1154,0.395566,0.000686876
1155,0.419926,0.000684756
1156,0.352348,0.00068264
1157,0.319382,0.000680529
1158,0.329869,0.000678424
1159,0.278796,0.000676323
1160,0.384867,0.000674227
1161,0.372685,0.000672136
1162,0.351195,0.00067005
1163,0.356227,0.000667969
1164,0.390543,0.000665892
1165,0.418189,0.000663821
1166,0.357910,0.000661755
1167,0.323365,0.000659693
1168,0.369962,0.000657637
1169,0.284910,0.000655586
1170,0.265033,0.000653539
1171,0.373438,0.000651498
1172,0.286098,0.000649462
1173,0.378662,0.00064743
1174,0.319213,0.000645404
1175,0.345171,0.000643383
1176,0.329260,0.000641367
1177,0.303223,0.000639356
1178,0.307666,0.00063735
1179,0.295868,0.000635349
1180,0.297792,0.000633354
1181,0.335425,0.000631363
1182,0.363819,0.000629377
1183,0.349405,0.000627397
1184,0.326072,0.000625422
1185,0.386170,0.000623452
1186,0.357931,0.000621487
1187,0.302076,0.000619527
1188,0.362202,0.000617573
1189,0.297567,0.000615624
1190,0.299688,0.00061368
1191,0.316331,0.000611741
1192,0.366532,0.000609807
1193,0.294083,0.000607879
1194,0.283938,0.000605956
1195,0.328467,0.000604038
1196,0.323249,0.000602125
1197,0.320056,0.000600218
1198,0.304761,0.000598316
1199,0.385387,0.000596419
1200,0.322978,0.000594527
1201,0.342157,0.000592641
1202,0.412483,0.000590761
1203,0.363894,0.000588885
1204,0.368596,0.000587015
1205,0.366992,0.00058515
1206,0.371211,0.000583291
1207,0.331918,0.000581437
1208,0.244838,0.000579588
1209,0.294776,0.000577745
1210,0.345188,0.000575907
1211,0.425586,0.000574074
1212,0.331466,0.000572247
1213,0.291552,0.000570426
1214,0.272464,0.00056861
1215,0.282404,0.000566799
1216,0.336648,0.000564993
1217,0.324286,0.000563194
1218,0.382377,0.000561399
1219,0.273114,0.00055961
1220,0.368171,0.000557827
1221,0.345580,0.000556049
1222,0.321818,0.000554277
1223,0.375623,0.00055251
1224,0.271287,0.000550749
1225,0.409226,0.000548993
1226,0.322846,0.000547243
1227,0.280111,0.000545498
1228,0.296817,0.000543759
1229,0.399980,0.000542025
1230,0.267946,0.000540297
1231,0.375940,0.000538575
1232,0.377429,0.000536858
1233,0.324570,0.000535147
1234,0.508025,0.000533441
1235,0.263908,0.000531741
1236,0.325020,0.000530047
1237,0.342065,0.000528358
1238,0.309501,0.000526675
1239,0.287085,0.000524998
1240,0.319806,0.000523326
1241,0.315777,0.00052166
1242,0.351047,0.00052
1243,0.365563,0.000518345
1244,0.292031,0.000516696
1245,0.298987,0.000515053
1246,0.320575,0.000513415
1247,0.285991,0.000511783
1248,0.277534,0.000510157
1249,0.271059,0.000508537
1250,0.339180,0.000506922
1251,0.354289,0.000505313
1252,0.298134,0.00050371
1253,0.288565,0.000502113
1254,0.262772,0.000500522
1255,0.349735,0.000498936
1256,0.267775,0.000497356
1257,0.294474,0.000495782
1258,0.274257,0.000494213
1259,0.362900,0.000492651
1260,0.296459,0.000491094
1261,0.342073,0.000489543
1262,0.368332,0.000487998
1263,0.303482,0.000486459
1264,0.372396,0.000484926
1265,0.323310,0.000483398
1266,0.285732,0.000481877
1267,0.308610,0.000480361
1268,0.304054,0.000478851
1269,0.370054,0.000477347
1270,0.351643,0.000475849
1271,0.326252,0.000474357
1272,0.236922,0.000472871
1273,0.310938,0.000471391
1274,0.293915,0.000469917
1275,0.346266,0.000468448
1276,0.316140,0.000466986
1277,0.259477,0.00046553
1278,0.320030,0.000464079
1279,0.283600,0.000462635
1280,0.278153,0.000461196
1281,0.282313,0.000459763
1282,0.262489,0.000458337
1283,0.305584,0.000456916
1284,0.307270,0.000455502
1285,0.289510,0.000454093
1286,0.307772,0.000452691
1287,0.327514,0.000451294
1288,0.361164,0.000449904
1289,0.211986,0.00044852
1290,0.364845,0.000447141
1291,0.292958,0.000445769
1292,0.274461,0.000444403
1293,0.326281,0.000443043
1294,0.312002,0.000441688
1295,0.343744,0.00044034
1296,0.285545,0.000438999
1297,0.258679,0.000437663
1298,0.281849,0.000436333
1299,0.329593,0.000435009
1300,0.337563,0.000433692
1301,0.289659,0.000432381
1302,0.428110,0.000431075
1303,0.289907,0.000429776
1304,0.317063,0.000428483
1305,0.301467,0.000427197
1306,0.292420,0.000425916
1307,0.330794,0.000424642
1308,0.274500,0.000423373
1309,0.248617,0.000422111
1310,0.337518,0.000420855
1311,0.280729,0.000419606
1312,0.278705,0.000418362
1313,0.251343,0.000417125
1314,0.267572,0.000415894
1315,0.268095,0.000414669
1316,0.305785,0.00041345
1317,0.265467,0.000412237
1318,0.269179,0.000411031
1319,0.256254,0.000409831
1320,0.298139,0.000408638
1321,0.312613,0.00040745
1322,0.326547,0.000406269
1323,0.297084,0.000405094
1324,0.295019,0.000403925
1325,0.230804,0.000402763
1326,0.250955,0.000401606
1327,0.256461,0.000400457
1328,0.266247,0.000399313
1329,0.262993,0.000398176
1330,0.287852,0.000397045
1331,0.298055,0.00039592
1332,0.338326,0.000394802
1333,0.300681,0.00039369
1334,0.335261,0.000392584
1335,0.270058,0.000391485
1336,0.282323,0.000390392
1337,0.274802,0.000389305
1338,0.297546,0.000388225
1339,0.314129,0.000387151
1340,0.306667,0.000386083
1341,0.296604,0.000385022
1342,0.244975,0.000383967
1343,0.276672,0.000382918
1344,0.267241,0.000381876
1345,0.276103,0.00038084
1346,0.257194,0.000379811
1347,0.327482,0.000378788
1348,0.276206,0.000377771
1349,0.301518,0.000376761
1350,0.213832,0.000375758
1351,0.315908,0.00037476
1352,0.251247,0.000373769
1353,0.273954,0.000372785
1354,0.267751,0.000371807
1355,0.290680,0.000370835
1356,0.212920,0.00036987
1357,0.231480,0.000368911
1358,0.339142,0.000367959
1359,0.269192,0.000367013
1360,0.282705,0.000366074
1361,0.314857,0.000365141
1362,0.255324,0.000364214
1363,0.285048,0.000363294
1364,0.305920,0.000362381
1365,0.285580,0.000361474
1366,0.297701,0.000360573
1367,0.306520,0.000359679
1368,0.285864,0.000358792
1369,0.289720,0.000357911
1370,0.286433,0.000357036
1371,0.259347,0.000356168
1372,0.276432,0.000355307
1373,0.285721,0.000354452
1374,0.286826,0.000353604
1375,0.302389,0.000352762
1376,0.268044,0.000351926
1377,0.246043,0.000351097
1378,0.362694,0.000350275
1379,0.264627,0.000349459
1380,0.306942,0.00034865
1381,0.243710,0.000347847
1382,0.272136,0.000347051
1383,0.252777,0.000346262
1384,0.222287,0.000345479
1385,0.278748,0.000344702
1386,0.264858,0.000343933
1387,0.278230,0.000343169
1388,0.278559,0.000342413
1389,0.221894,0.000341663
1390,0.236753,0.000340919
1391,0.305013,0.000340182
1392,0.242027,0.000339452
1393,0.301376,0.000338728
1394,0.228170,0.000338011
1395,0.250513,0.000337301
1396,0.261474,0.000336597
1397,0.239971,0.000335899
1398,0.229364,0.000335209
1399,0.272739,0.000334525
1400,0.242353,0.000333847
1401,0.296454,0.000333177
1402,0.241645,0.000332512
1403,0.265614,0.000331855
1404,0.296534,0.000331204
1405,0.257211,0.00033056
1406,0.306435,0.000329922
1407,0.317058,0.000329291
1408,0.253160,0.000328667
1409,0.235056,0.000328049
1410,0.237792,0.000327438
1411,0.244441,0.000326834
1412,0.263798,0.000326236
1413,0.290570,0.000325645
1414,0.219382,0.000325061
1415,0.226990,0.000324483
1416,0.255202,0.000323912
1417,0.237803,0.000323348
1418,0.249127,0.00032279
1419,0.266256,0.000322239
1420,0.313178,0.000321695
1421,0.222708,0.000321157
1422,0.230535,0.000320627
1423,0.262261,0.000320102
1424,0.252727,0.000319585
1425,0.261995,0.000319074
1426,0.302990,0.00031857
1427,0.239680,0.000318073
1428,0.208842,0.000317582
1429,0.284990,0.000317098
1430,0.274401,0.000316621
1431,0.229754,0.00031615
1432,0.240223,0.000315686
1433,0.262685,0.000315229
1434,0.277762,0.000314779
1435,0.245787,0.000314335
1436,0.244107,0.000313898
1437,0.240949,0.000313468
1438,0.233404,0.000313045
1439,0.263833,0.000312628
1440,0.268452,0.000312218
1441,0.289345,0.000311815
1442,0.273364,0.000311418
1443,0.255576,0.000311028
1444,0.244260,0.000310645
1445,0.232243,0.000310269
1446,0.268779,0.000309899
1447,0.299857,0.000309536
1448,0.242087,0.00030918
1449,0.274098,0.000308831
1450,0.223117,0.000308489
1451,0.261002,0.000308153
1452,0.241255,0.000307824
1453,0.260216,0.000307501
1454,0.263058,0.000307186
1455,0.271472,0.000306877
1456,0.258563,0.000306575
1457,0.231497,0.00030628
1458,0.200337,0.000305991
1459,0.239126,0.00030571
1460,0.224012,0.000305435
1461,0.246154,0.000305167
1462,0.294160,0.000304905
1463,0.257284,0.000304651
1464,0.330367,0.000304403
1465,0.277178,0.000304162
1466,0.272131,0.000303927
1467,0.220150,0.0003037
1468,0.236402,0.000303479
1469,0.246571,0.000303265
1470,0.227233,0.000303058
1471,0.204168,0.000302858
1472,0.187258,0.000302664
1473,0.293358,0.000302477
1474,0.232877,0.000302297
1475,0.277839,0.000302124
1476,0.260080,0.000301957
1477,0.259499,0.000301798
1478,0.265129,0.000301645
1479,0.250449,0.000301499
1480,0.267527,0.000301359
1481,0.290099,0.000301227
1482,0.253301,0.000301101
1483,0.235068,0.000300982
1484,0.223609,0.00030087
1485,0.236248,0.000300765
1486,0.241636,0.000300666
1487,0.239173,0.000300574
1488,0.244981,0.000300489
1489,0.237177,0.000300411
1490,0.277597,0.00030034
1491,0.294872,0.000300275
1492,0.226874,0.000300218
1493,0.278064,0.000300167
1494,0.275176,0.000300122
1495,0.244420,0.000300085
1496,0.260192,0.000300054
1497,0.308804,0.000300031
1498,0.269773,0.000300014
1499,0.312150,0.000300003
1500,0.260886,0.0003
